id,date,channel,country,os,impressions,clicks,installs,spend,revenue
1,5/17/2017,adcolony,US,android,19887,494,76,148.2,149.04
2,5/17/2017,adcolony,US,ios,13886,336,60,100.8,210.24
3,5/17/2017,apple_search_ads,DE,ios,3180,118,25,50,20
4,5/17/2017,apple_search_ads,GB,ios,6683,226,43,86,149.27
5,5/17/2017,apple_search_ads,US,ios,22426,729,139,278,418.64
6,5/17/2017,chartboost,CA,ios,3277,103,25,50,30
7,5/17/2017,chartboost,DE,android,3240,25,2,10,0
8,5/17/2017,chartboost,DE,ios,3363,109,13,26,40
9,5/17/2017,chartboost,FR,ios,6624,204,34,86,10
10,5/17/2017,chartboost,GB,android,3210,117,18,36,59.6
11,5/17/2017,chartboost,GB,ios,3231,115,31,62,79.6
12,5/17/2017,chartboost,US,android,6554,216,42,84,150.64
13,5/17/2017,chartboost,US,ios,3268,109,23,46,20
14,5/17/2017,facebook,CA,ios,3201,104,19,41.6,10
15,5/17/2017,facebook,DE,android,3350,80,12,32,10
16,5/17/2017,facebook,DE,ios,9978,247,51,98.8,119.2
17,5/17/2017,facebook,FR,ios,3455,91,25,36.4,0
18,5/17/2017,facebook,GB,android,6358,196,20,84.4,20
19,5/17/2017,facebook,US,android,3350,146,32,58.4,129.2
20,5/17/2017,facebook,US,ios,3349,92,23,36.8,99.44
21,5/17/2017,google,CA,ios,3429,102,17,33.33,10
22,5/17/2017,google,DE,android,3308,27,2,33.33,10
23,5/17/2017,google,FR,android,6689,209,42,66.66,90.5
24,5/17/2017,google,GB,android,3306,125,24,33.33,40
25,5/17/2017,google,GB,ios,3443,115,23,33.33,50
26,5/17/2017,google,US,android,6334,180,36,66.66,180.96
27,5/17/2017,google,US,ios,6843,199,30,66.66,149.92
28,5/17/2017,unityads,CA,android,3242,80,14,28,40
29,5/17/2017,unityads,CA,ios,3454,124,27,54,109.2
30,5/17/2017,unityads,DE,android,3215,112,18,36,50
31,5/17/2017,unityads,GB,android,6356,179,36,72,30
32,5/17/2017,unityads,GB,ios,3175,95,19,38,50
33,5/17/2017,unityads,US,android,6340,234,42,128,69.6
34,5/17/2017,unityads,US,ios,6798,254,46,92,129.92
35,5/17/2017,vungle,GB,android,10388,366,82,164,219.2
36,5/17/2017,vungle,GB,ios,6862,247,50,100,20
37,5/17/2017,vungle,US,android,10188,287,54,108,201.14
38,5/17/2017,vungle,US,ios,6818,184,32,64,110.32
39,5/18/2017,adcolony,US,android,13837,299,58,89.7,216.64
40,5/18/2017,adcolony,US,ios,20427,539,102,161.7,179.6
41,5/18/2017,apple_search_ads,DE,ios,3185,119,24,48,139.2
42,5/18/2017,apple_search_ads,GB,ios,6710,251,55,110,20
43,5/18/2017,apple_search_ads,US,ios,22918,690,136,272,439.04
44,5/18/2017,chartboost,CA,android,3296,111,32,64,159.2
45,5/18/2017,chartboost,DE,android,3297,27,4,20,10
46,5/18/2017,chartboost,DE,ios,3443,100,17,34,20
47,5/18/2017,chartboost,FR,android,3444,130,22,44,30
48,5/18/2017,chartboost,FR,ios,3292,70,11,44,20
49,5/18/2017,chartboost,GB,android,3239,123,30,60,49.6
50,5/18/2017,chartboost,GB,ios,3430,127,29,58,129.2
51,5/18/2017,chartboost,US,android,6395,203,34,68,50
52,5/18/2017,chartboost,US,ios,3284,98,23,46,70
53,5/18/2017,facebook,CA,ios,3439,103,25,41.2,100.32
54,5/18/2017,facebook,DE,android,10210,305,52,122,100.24
55,5/18/2017,facebook,DE,ios,3369,69,15,43643,0
56,5/18/2017,facebook,FR,ios,3265,98,21,39.2,79.6
57,5/18/2017,facebook,GB,android,3230,60,4,30,0
58,5/18/2017,facebook,GB,ios,3236,131,13,52.4,10
59,5/18/2017,facebook,US,android,3418,112,24,44.8,129.2
60,5/18/2017,facebook,US,ios,3397,102,19,40.8,0
61,5/18/2017,google,CA,android,3290,106,22,33.33,60
62,5/18/2017,google,DE,ios,3359,45,3,33.33,0
63,5/18/2017,google,FR,android,6948,192,32,66.66,30
64,5/18/2017,google,GB,android,6792,267,66,66.66,209.2
65,5/18/2017,google,US,android,6663,204,46,66.66,321.6
66,5/18/2017,google,US,ios,6356,191,46,66.66,158.8
67,5/18/2017,unityads,CA,ios,6504,220,48,96,60
68,5/18/2017,unityads,DE,android,3437,106,22,44,10
69,5/18/2017,unityads,GB,android,6570,184,36,72,30
70,5/18/2017,unityads,GB,ios,3327,106,23,46,59.6
71,5/18/2017,unityads,US,android,6454,257,38,112,119.6
72,5/18/2017,unityads,US,ios,6929,202,48,96,40
73,5/18/2017,vungle,GB,android,6843,201,50,100,50
74,5/18/2017,vungle,GB,ios,10419,343,51,102,208.8
75,5/18/2017,vungle,US,android,9730,289,68,136,200.5
76,5/18/2017,vungle,US,ios,6739,199,56,112,70
77,5/19/2017,adcolony,US,android,22849,578,112,173.4,199.6
78,5/19/2017,adcolony,US,ios,10406,233,37,69.9,10
79,5/19/2017,apple_search_ads,DE,ios,3399,152,27,54,99.6
80,5/19/2017,apple_search_ads,GB,ios,6687,234,36,72,129.27
81,5/19/2017,apple_search_ads,US,ios,22216,718,140,280,439.2
82,5/19/2017,chartboost,CA,ios,3429,101,19,38,69.6
83,5/19/2017,chartboost,DE,android,3332,95,22,44,50.24
84,5/19/2017,chartboost,DE,ios,3476,29,3,15,0
85,5/19/2017,chartboost,FR,android,3410,131,26,52,30
86,5/19/2017,chartboost,FR,ios,3454,68,5,20,58.4
87,5/19/2017,chartboost,GB,android,3211,128,24,48,59.6
88,5/19/2017,chartboost,GB,ios,3192,123,23,46,20
89,5/19/2017,chartboost,US,android,3381,114,32,64,130.32
90,5/19/2017,chartboost,US,ios,6383,200,34,68,109.44
91,5/19/2017,facebook,CA,android,3207,95,20,38,20
92,5/19/2017,facebook,DE,android,3171,78,12,31.2,60.24
93,5/19/2017,facebook,DE,ios,10290,305,63,122,138
94,5/19/2017,facebook,FR,android,3475,105,24,42,109.2
95,5/19/2017,facebook,GB,android,6369,183,20,78.5,20
96,5/19/2017,facebook,US,android,3170,121,16,48.4,10
97,5/19/2017,facebook,US,ios,3421,98,15,39.2,108.89
98,5/19/2017,google,CA,android,3375,92,14,33.33,50
99,5/19/2017,google,DE,android,3479,31,2,33.33,0
100,5/19/2017,google,FR,android,3222,115,32,33.33,69.27
101,5/19/2017,google,FR,ios,3485,91,13,33.33,20
102,5/19/2017,google,GB,android,3494,125,32,33.33,69.6
103,5/19/2017,google,GB,ios,3486,122,33,33.33,149.2
104,5/19/2017,google,US,android,3255,113,18,33.33,100.32
105,5/19/2017,google,US,ios,10009,292,59,99.99,248.4
106,5/19/2017,unityads,CA,android,3411,85,18,36,0
107,5/19/2017,unityads,CA,ios,3359,162,27,54,49.6
108,5/19/2017,unityads,DE,android,3302,84,14,28,0
109,5/19/2017,unityads,GB,android,6535,203,46,92,100.32
110,5/19/2017,unityads,GB,ios,3223,100,17,34,59.6
111,5/19/2017,unityads,US,android,6918,235,38,76,10
112,5/19/2017,unityads,US,ios,6725,259,46,142,179.2
113,5/19/2017,vungle,GB,android,6503,203,32,64,60
114,5/19/2017,vungle,GB,ios,9599,406,81,162,208.8
115,5/19/2017,vungle,US,android,6754,200,38,76,180.24
116,5/19/2017,vungle,US,ios,10115,273,67,134,190.5
117,5/20/2017,adcolony,US,android,13022,475,100,142.5,309.52
118,5/20/2017,adcolony,US,ios,20464,389,74,116.7,118
119,5/20/2017,apple_search_ads,DE,ios,3365,151,22,44,20
120,5/20/2017,apple_search_ads,GB,ios,6610,231,37,74,50
121,5/20/2017,apple_search_ads,US,ios,23045,701,130,260,498
122,5/20/2017,chartboost,CA,ios,3410,107,23,46,0
123,5/20/2017,chartboost,DE,ios,6588,127,32,97,30
124,5/20/2017,chartboost,FR,android,3216,62,4,16,0
125,5/20/2017,chartboost,FR,ios,3214,139,27,54,89.27
126,5/20/2017,chartboost,GB,android,3476,120,28,56,10
127,5/20/2017,chartboost,GB,ios,3280,126,21,42,69.6
128,5/20/2017,chartboost,US,ios,10119,322,55,110,210.64
129,5/20/2017,facebook,CA,android,3445,109,16,43.6,50
130,5/20/2017,facebook,DE,android,6360,188,28,75.2,60
131,5/20/2017,facebook,DE,ios,6392,213,38,85.2,187.6
132,5/20/2017,facebook,FR,ios,3221,97,19,38.8,59.6
133,5/20/2017,facebook,GB,android,3332,114,8,45.6,0
134,5/20/2017,facebook,GB,ios,3354,70,9,35,50
135,5/20/2017,facebook,US,android,3169,96,18,38.4,118.89
136,5/20/2017,facebook,US,ios,3385,117,19,46.8,49.6
137,5/20/2017,google,CA,ios,3409,101,21,33.33,30
138,5/20/2017,google,DE,ios,3253,34,3,33.33,0
139,5/20/2017,google,FR,android,3351,112,18,33.33,10
140,5/20/2017,google,FR,ios,3267,93,15,33.33,50.5
141,5/20/2017,google,GB,android,3236,139,26,33.33,119.2
142,5/20/2017,google,GB,ios,3465,135,21,33.33,10
143,5/20/2017,google,US,android,6711,163,28,66.66,160.64
144,5/20/2017,google,US,ios,6742,176,32,66.66,119.92
145,5/20/2017,unityads,CA,android,3361,100,26,52,60
146,5/20/2017,unityads,CA,ios,3236,130,21,42,10
147,5/20/2017,unityads,DE,ios,3333,111,15,30,70.5
148,5/20/2017,unityads,GB,android,6701,216,38,76,90.32
149,5/20/2017,unityads,GB,ios,3415,96,19,38,248.4
150,5/20/2017,unityads,US,android,3453,155,34,136,149.2
151,5/20/2017,unityads,US,ios,10468,329,59,118,99.27
152,5/20/2017,vungle,GB,android,9971,374,78,156,119.6
153,5/20/2017,vungle,GB,ios,6841,243,32,64,119.6
154,5/20/2017,vungle,US,android,3338,111,18,36,60
155,5/20/2017,vungle,US,ios,12712,402,72,144,159.92
156,5/21/2017,adcolony,US,android,27016,574,108,172.2,310.56
157,5/21/2017,adcolony,US,ios,6511,239,48,71.7,188.8
158,5/21/2017,apple_search_ads,DE,ios,3213,129,28,56,79.6
159,5/21/2017,apple_search_ads,GB,ios,6975,227,45,90,50
160,5/21/2017,apple_search_ads,US,ios,23845,738,141,282,678.57
161,5/21/2017,chartboost,CA,android,3199,84,20,40,119.2
162,5/21/2017,chartboost,DE,android,3292,27,4,20,0
163,5/21/2017,chartboost,DE,ios,3187,91,17,34,80.24
164,5/21/2017,chartboost,FR,android,6972,192,26,64,30
165,5/21/2017,chartboost,GB,ios,6375,250,56,112,169.2
166,5/21/2017,chartboost,US,android,10123,301,50,100,219.76
167,5/21/2017,facebook,CA,android,3365,97,20,38.8,0
168,5/21/2017,facebook,DE,android,10396,340,84,136,269.2
169,5/21/2017,facebook,DE,ios,3407,74,11,43645,20
170,5/21/2017,facebook,FR,ios,3344,99,23,39.6,69.6
171,5/21/2017,facebook,GB,android,3487,120,16,48,68.4
172,5/21/2017,facebook,GB,ios,3227,54,5,27,0
173,5/21/2017,facebook,US,android,3262,99,18,39.6,10
174,5/21/2017,facebook,US,ios,3228,138,21,55.2,79.6
175,5/21/2017,google,CA,ios,3265,89,21,33.33,120
176,5/21/2017,google,DE,ios,3497,36,1,33.33,10
177,5/21/2017,google,FR,android,3327,84,12,33.33,20
178,5/21/2017,google,FR,ios,3254,106,23,33.33,98.55
179,5/21/2017,google,GB,android,3208,126,18,33.33,69.6
180,5/21/2017,google,GB,ios,3423,145,19,33.33,109.2
181,5/21/2017,google,US,android,9900,310,54,99.99,60
182,5/21/2017,google,US,ios,3483,123,21,33.33,90.32
183,5/21/2017,unityads,CA,android,3264,95,16,32,50
184,5/21/2017,unityads,CA,ios,3264,124,29,58,178.8
185,5/21/2017,unityads,DE,android,3421,110,22,44,60.5
186,5/21/2017,unityads,GB,android,6917,197,40,80,169.2
187,5/21/2017,unityads,GB,ios,3426,102,21,42,70.32
188,5/21/2017,unityads,US,ios,13747,494,98,266,409.44
189,5/21/2017,vungle,GB,android,6942,242,38,76,208.8
190,5/21/2017,vungle,GB,ios,9700,329,75,150,228.8
191,5/21/2017,vungle,US,android,9994,327,80,160,130.1
192,5/21/2017,vungle,US,ios,6366,200,48,96,100
193,5/22/2017,adcolony,US,android,16043,430,64,129,138
194,5/22/2017,adcolony,US,ios,16188,404,71,121.2,210.64
195,5/22/2017,apple_search_ads,DE,ios,3248,136,28,56,79.6
196,5/22/2017,apple_search_ads,GB,ios,6787,262,48,96,90
197,5/22/2017,apple_search_ads,US,ios,24479,676,123,246,469.12
198,5/22/2017,chartboost,CA,ios,3168,105,15,30,49.6
199,5/22/2017,chartboost,DE,android,6606,122,18,48,10
200,5/22/2017,chartboost,FR,ios,6519,210,40,98,0
201,5/22/2017,chartboost,GB,ios,6972,246,48,96,100
202,5/22/2017,chartboost,US,android,3386,100,18,36,40
203,5/22/2017,chartboost,US,ios,6764,176,38,76,178.89
204,5/22/2017,facebook,CA,android,3248,87,10,34.8,60.32
205,5/22/2017,facebook,DE,android,13771,402,92,160.8,208.8
206,5/22/2017,facebook,FR,ios,3354,101,21,40.4,0
207,5/22/2017,facebook,GB,ios,6597,194,20,84.7,20
208,5/22/2017,facebook,US,ios,6527,220,50,88,129.44
209,5/22/2017,google,CA,ios,3451,89,17,33.33,10
210,5/22/2017,google,DE,ios,3267,27,1,33.33,0
211,5/22/2017,google,FR,ios,6797,196,42,66.66,20
212,5/22/2017,google,GB,android,3353,117,24,33.33,30
213,5/22/2017,google,GB,ios,3492,129,25,33.33,99.2
214,5/22/2017,google,US,android,6817,205,36,66.66,220.96
215,5/22/2017,google,US,ios,6583,184,36,66.66,218.8
216,5/22/2017,unityads,CA,android,6526,237,44,88,209.2
217,5/22/2017,unityads,DE,android,3472,111,24,48,30
218,5/22/2017,unityads,GB,android,6718,204,46,92,50
219,5/22/2017,unityads,GB,ios,3269,104,25,50,10
220,5/22/2017,unityads,US,android,6364,229,46,144,400.08
221,5/22/2017,unityads,US,ios,6589,227,36,72,59.6
222,5/22/2017,vungle,GB,android,9883,360,56,112,218.8
223,5/22/2017,vungle,GB,ios,6825,238,42,84,99.6
224,5/22/2017,vungle,US,android,6716,193,36,72,100.5
225,5/22/2017,vungle,US,ios,10262,296,55,110,249.52
226,5/23/2017,adcolony,US,android,22189,464,82,139.2,479.04
227,5/23/2017,adcolony,US,ios,9510,321,61,96.3,178.8
228,5/23/2017,apple_search_ads,DE,ios,3199,139,27,54,20
229,5/23/2017,apple_search_ads,GB,ios,6832,236,54,108,70
230,5/23/2017,apple_search_ads,US,ios,24331,731,135,270,567.93
231,5/23/2017,chartboost,CA,ios,3484,99,21,42,40
232,5/23/2017,chartboost,DE,android,3441,36,6,30,0
233,5/23/2017,chartboost,DE,ios,3382,80,19,38,50.24
234,5/23/2017,chartboost,FR,android,6556,198,34,76,20
235,5/23/2017,chartboost,GB,ios,6639,311,70,140,208.8
236,5/23/2017,chartboost,US,android,6520,220,50,100,100
237,5/23/2017,chartboost,US,ios,3343,92,19,38,69.44
238,5/23/2017,facebook,CA,ios,3364,110,19,44,120.64
239,5/23/2017,facebook,DE,android,3443,168,36,67.2,129.2
240,5/23/2017,facebook,DE,ios,10218,269,55,107.6,90.24
241,5/23/2017,facebook,FR,ios,3394,109,19,43.6,10
242,5/23/2017,facebook,GB,ios,6369,207,26,89.9,30
243,5/23/2017,facebook,US,ios,6584,182,36,72.8,79.44
244,5/23/2017,google,CA,ios,3454,96,19,33.33,80
245,5/23/2017,google,DE,android,3326,41,4,33.33,10
246,5/23/2017,google,FR,android,3307,98,16,33.33,10
247,5/23/2017,google,FR,ios,3488,97,17,33.33,10
248,5/23/2017,google,GB,android,3170,142,34,33.33,149.2
249,5/23/2017,google,GB,ios,3437,132,29,33.33,208.4
250,5/23/2017,google,US,android,3478,90,18,33.33,79.6
251,5/23/2017,google,US,ios,10087,270,57,99.99,440.08
252,5/23/2017,unityads,CA,android,6560,221,46,92,69.6
253,5/23/2017,unityads,DE,android,3461,88,16,32,20
254,5/23/2017,unityads,GB,android,3271,93,20,40,69.6
255,5/23/2017,unityads,GB,ios,6611,187,46,92,119.6
256,5/23/2017,unityads,US,android,10416,368,80,216,149.2
257,5/23/2017,unityads,US,ios,3307,123,23,46,200.96
258,5/23/2017,vungle,GB,android,13627,466,78,156,159.6
259,5/23/2017,vungle,GB,ios,3311,127,19,38,49.6
260,5/23/2017,vungle,US,android,9909,283,62,124,170.32
261,5/23/2017,vungle,US,ios,6665,200,42,84,352.64
262,5/24/2017,adcolony,US,android,24179,469,80,140.7,150.32
263,5/24/2017,adcolony,US,ios,10289,369,61,110.7,258.8
264,5/24/2017,apple_search_ads,DE,ios,3355,129,27,54,169.2
265,5/24/2017,apple_search_ads,GB,ios,6578,209,47,94,159.27
266,5/24/2017,apple_search_ads,US,ios,23339,674,123,246,399.68
267,5/24/2017,chartboost,CA,android,3170,102,22,44,49.6
268,5/24/2017,chartboost,DE,android,6462,126,32,88,20
269,5/24/2017,chartboost,FR,ios,6378,182,34,78,30
270,5/24/2017,chartboost,GB,ios,6497,237,48,96,50
271,5/24/2017,chartboost,US,android,6935,188,28,56,30
272,5/24/2017,chartboost,US,ios,3479,118,21,42,60
273,5/24/2017,facebook,CA,ios,3428,97,25,38.8,30
274,5/24/2017,facebook,DE,android,6345,223,40,89.2,89.6
275,5/24/2017,facebook,DE,ios,6454,151,30,60.4,30
276,5/24/2017,facebook,FR,ios,3408,86,21,34.4,109.2
277,5/24/2017,facebook,GB,android,3450,51,4,43610,0
278,5/24/2017,facebook,GB,ios,3469,140,11,56,0
279,5/24/2017,facebook,US,android,3249,102,22,40.8,168.89
280,5/24/2017,facebook,US,ios,3362,128,31,51.2,129.2
281,5/24/2017,google,CA,ios,3313,108,29,33.33,90
282,5/24/2017,google,DE,ios,3432,27,3,33.33,0
283,5/24/2017,google,FR,android,3398,105,14,33.33,49.27
284,5/24/2017,google,FR,ios,3466,109,15,33.33,0
285,5/24/2017,google,GB,android,6582,245,44,66.66,159.2
286,5/24/2017,google,US,android,6513,181,34,66.66,148.8
287,5/24/2017,google,US,ios,6644,204,48,66.66,159.92
288,5/24/2017,unityads,CA,ios,6618,227,34,68,70
289,5/24/2017,unityads,DE,android,3428,100,20,40,20
290,5/24/2017,unityads,GB,android,6561,211,36,72,90.32
291,5/24/2017,unityads,GB,ios,3383,78,17,34,89.6
292,5/24/2017,unityads,US,android,3394,114,24,96,158.8
293,5/24/2017,unityads,US,ios,9832,315,61,122,170.64
294,5/24/2017,vungle,GB,android,6752,270,46,92,109.6
295,5/24/2017,vungle,GB,ios,9557,317,59,118,178.8
296,5/24/2017,vungle,US,android,10177,280,52,104,90.32
297,5/24/2017,vungle,US,ios,6409,201,44,88,119.6
298,5/25/2017,adcolony,US,android,13424,385,84,115.5,207.2
299,5/25/2017,adcolony,US,ios,20726,453,72,135.9,149.44
300,5/25/2017,apple_search_ads,DE,ios,3443,132,36,72,139.2
301,5/25/2017,apple_search_ads,GB,ios,6457,226,45,90,90
302,5/25/2017,apple_search_ads,US,ios,23566,752,144,288,230
303,5/25/2017,chartboost,CA,ios,3374,93,15,30,20
304,5/25/2017,chartboost,DE,ios,6689,131,20,67,30
305,5/25/2017,chartboost,FR,ios,6596,191,32,82,50
306,5/25/2017,chartboost,GB,android,3226,118,24,48,10
307,5/25/2017,chartboost,GB,ios,3261,152,27,54,119.2
308,5/25/2017,chartboost,US,android,3192,105,12,24,70.32
309,5/25/2017,chartboost,US,ios,6586,197,34,68,89.44
310,5/25/2017,facebook,CA,android,3308,98,14,39.2,90.32
311,5/25/2017,facebook,DE,android,6890,169,38,67.6,40
312,5/25/2017,facebook,DE,ios,6760,247,52,98.8,289.27
313,5/25/2017,facebook,FR,android,3228,105,24,42,30
314,5/25/2017,facebook,GB,android,3498,54,10,27,10
315,5/25/2017,facebook,GB,ios,3231,119,11,47.6,0
316,5/25/2017,facebook,US,ios,6377,214,36,85.6,30
317,5/25/2017,google,CA,ios,3233,117,25,33.33,80
318,5/25/2017,google,DE,ios,3432,32,1,33.33,0
319,5/25/2017,google,FR,android,6609,212,38,66.66,90.5
320,5/25/2017,google,GB,android,3217,132,28,33.33,99.6
321,5/25/2017,google,GB,ios,3353,127,27,33.33,20
322,5/25/2017,google,US,android,9773,273,52,99.99,70
323,5/25/2017,google,US,ios,3432,104,21,33.33,69.6
324,5/25/2017,unityads,CA,android,6642,227,44,88,30
325,5/25/2017,unityads,DE,ios,3415,108,23,46,50
326,5/25/2017,unityads,GB,android,3332,88,20,40,120.32
327,5/25/2017,unityads,GB,ios,6496,181,34,68,10
328,5/25/2017,unityads,US,android,3356,82,12,24,0
329,5/25/2017,unityads,US,ios,10187,365,71,196,40
330,5/25/2017,vungle,GB,android,6720,219,40,80,109.6
331,5/25/2017,vungle,GB,ios,9556,333,67,134,388.8
332,5/25/2017,vungle,US,android,3468,100,26,52,80.5
333,5/25/2017,vungle,US,ios,13137,366,82,164,441.28
334,5/26/2017,adcolony,US,android,19670,483,90,144.9,179.04
335,5/26/2017,adcolony,US,ios,12945,350,70,105,308.96
336,5/26/2017,apple_search_ads,DE,ios,3465,116,24,48,79.6
337,5/26/2017,apple_search_ads,GB,ios,6592,220,45,90,99.27
338,5/26/2017,apple_search_ads,US,ios,23048,720,139,278,210
339,5/26/2017,chartboost,CA,android,3174,101,22,44,69.6
340,5/26/2017,chartboost,DE,android,3258,31,8,40,96.8
341,5/26/2017,chartboost,DE,ios,3327,93,19,38,80.24
342,5/26/2017,chartboost,FR,android,6571,177,28,68,79.27
343,5/26/2017,chartboost,GB,android,3459,131,34,68,89.6
344,5/26/2017,chartboost,GB,ios,3263,134,29,58,89.6
345,5/26/2017,chartboost,US,android,3195,99,24,48,160.64
346,5/26/2017,chartboost,US,ios,6939,177,42,84,118.89
347,5/26/2017,facebook,CA,android,3271,78,18,31.2,30
348,5/26/2017,facebook,DE,android,13523,370,78,148,199.6
349,5/26/2017,facebook,FR,ios,3171,103,15,41.2,10
350,5/26/2017,facebook,GB,android,3438,52,4,26,10
351,5/26/2017,facebook,GB,ios,3330,139,15,55.6,0
352,5/26/2017,facebook,US,ios,6372,222,44,88.8,178.89
353,5/26/2017,google,CA,android,3261,94,16,33.33,20
354,5/26/2017,google,DE,ios,3460,35,5,33.33,68
355,5/26/2017,google,FR,android,6500,210,38,66.66,59.27
356,5/26/2017,google,GB,android,6703,269,48,66.66,129.2
357,5/26/2017,google,US,android,3479,124,20,33.33,40
358,5/26/2017,google,US,ios,9863,313,61,99.99,179.2
359,5/26/2017,unityads,CA,ios,6363,228,40,80,99.6
360,5/26/2017,unityads,DE,ios,3477,112,23,46,70.5
361,5/26/2017,unityads,GB,android,3284,89,24,48,160.64
362,5/26/2017,unityads,GB,ios,6745,188,34,68,149.2
363,5/26/2017,unityads,US,android,10063,321,66,172,79.6
364,5/26/2017,unityads,US,ios,3296,105,19,38,10
365,5/26/2017,vungle,GB,android,6352,242,58,116,100
366,5/26/2017,vungle,GB,ios,9980,346,63,126,377.6
367,5/26/2017,vungle,US,android,10277,299,62,124,160.5
368,5/26/2017,vungle,US,ios,6769,211,38,76,241.28
369,5/27/2017,adcolony,US,android,16174,372,66,111.6,108
370,5/27/2017,adcolony,US,ios,13677,407,92,122.1,199.6
371,5/27/2017,apple_search_ads,DE,ios,3332,121,21,42,20
372,5/27/2017,apple_search_ads,GB,ios,6467,240,58,116,158.55
373,5/27/2017,apple_search_ads,US,ios,23116,759,168,336,588.8
374,5/27/2017,chartboost,CA,ios,3186,80,15,30,69.6
375,5/27/2017,chartboost,DE,android,3266,19,2,10,0
376,5/27/2017,chartboost,DE,ios,3167,92,21,42,90.24
377,5/27/2017,chartboost,FR,android,6946,209,32,76,216.22
378,5/27/2017,chartboost,GB,android,3380,136,30,60,416.8
379,5/27/2017,chartboost,GB,ios,3467,146,23,46,99.6
380,5/27/2017,chartboost,US,android,9797,286,62,124,100
381,5/27/2017,facebook,CA,android,3261,93,18,37.2,10
382,5/27/2017,facebook,DE,android,10046,276,48,110.4,50
383,5/27/2017,facebook,DE,ios,3345,119,21,47.6,10
384,5/27/2017,facebook,FR,ios,3173,106,23,42.4,79.6
385,5/27/2017,facebook,GB,android,3350,69,8,34.5,0
386,5/27/2017,facebook,GB,ios,3170,150,13,60,10
387,5/27/2017,facebook,US,android,6924,224,48,89.6,159.04
388,5/27/2017,google,CA,android,3266,109,22,33.33,20
389,5/27/2017,google,FR,android,6561,187,42,66.66,90.5
390,5/27/2017,google,GB,android,6760,256,52,66.66,208.8
391,5/27/2017,google,US,android,9722,310,66,99.99,169.92
392,5/27/2017,google,US,ios,3337,98,17,33.33,79.6
393,5/27/2017,unityads,CA,android,3255,115,22,44,20
394,5/27/2017,unityads,CA,ios,3309,101,23,46,20
395,5/27/2017,unityads,DE,ios,3226,95,13,26,10
396,5/27/2017,unityads,GB,android,3188,83,14,28,0
397,5/27/2017,unityads,GB,ios,6942,186,38,76,20
398,5/27/2017,unityads,US,android,6587,223,36,104,60
399,5/27/2017,unityads,US,ios,6428,243,52,104,50
400,5/27/2017,vungle,GB,android,6680,267,52,104,119.6
401,5/27/2017,vungle,GB,ios,9737,301,55,110,109.6
402,5/27/2017,vungle,US,android,6935,199,44,88,89.6
403,5/27/2017,vungle,US,ios,10101,304,59,118,50
404,5/28/2017,adcolony,US,android,10288,258,50,77.4,198.33
405,5/28/2017,adcolony,US,ios,24480,560,95,168,130
406,5/28/2017,apple_search_ads,DE,ios,3338,142,28,56,89.6
407,5/28/2017,apple_search_ads,GB,ios,6575,236,31,62,50
408,5/28/2017,apple_search_ads,US,ios,24086,689,145,290,638.4
409,5/28/2017,chartboost,CA,android,3279,85,16,32,30
410,5/28/2017,chartboost,DE,android,3464,43,12,60,0
411,5/28/2017,chartboost,DE,ios,3216,116,23,46,40
412,5/28/2017,chartboost,FR,android,3449,125,28,56,79.27
413,5/28/2017,chartboost,FR,ios,3445,83,9,36,10
414,5/28/2017,chartboost,GB,android,3455,132,20,40,10
415,5/28/2017,chartboost,GB,ios,3260,139,21,42,59.6
416,5/28/2017,chartboost,US,android,6443,187,38,76,120.64
417,5/28/2017,chartboost,US,ios,3299,92,15,30,30
418,5/28/2017,facebook,CA,android,3287,92,24,36.8,70.32
419,5/28/2017,facebook,DE,android,3382,136,22,54.4,0
420,5/28/2017,facebook,DE,ios,10015,251,51,100.4,130.24
421,5/28/2017,facebook,FR,android,3186,93,18,37.2,59.6
422,5/28/2017,facebook,GB,android,3374,69,6,34.5,50
423,5/28/2017,facebook,GB,ios,3334,136,15,54.4,10
424,5/28/2017,facebook,US,android,6869,213,44,85.2,69.6
425,5/28/2017,google,CA,android,3251,89,18,33.33,40
426,5/28/2017,google,DE,android,3361,35,4,33.33,10
427,5/28/2017,google,FR,android,3238,94,20,33.33,0
428,5/28/2017,google,FR,ios,3201,104,23,33.33,80.5
429,5/28/2017,google,GB,android,6835,258,44,66.66,139.2
430,5/28/2017,google,US,android,3215,103,18,33.33,200.96
431,5/28/2017,google,US,ios,9561,284,53,99.99,259.84
432,5/28/2017,unityads,CA,android,6671,247,48,96,80
433,5/28/2017,unityads,DE,ios,3268,114,19,38,131
434,5/28/2017,unityads,GB,android,6503,196,42,84,139.92
435,5/28/2017,unityads,GB,ios,3298,83,17,34,129.2
436,5/28/2017,unityads,US,android,13278,441,92,240,289.52
437,5/28/2017,vungle,GB,android,9598,346,72,144,100
438,5/28/2017,vungle,GB,ios,6592,255,48,96,79.6
439,5/28/2017,vungle,US,android,6478,188,40,80,179.52
440,5/28/2017,vungle,US,ios,9952,311,71,142,90.32
441,5/29/2017,adcolony,US,android,20942,527,96,158.1,109.6
442,5/29/2017,adcolony,US,ios,13114,299,76,89.7,297.61
443,5/29/2017,apple_search_ads,DE,ios,3209,129,27,54,20
444,5/29/2017,apple_search_ads,GB,ios,6767,229,34,68,20
445,5/29/2017,apple_search_ads,US,ios,22242,719,150,300,528.88
446,5/29/2017,chartboost,CA,ios,3302,113,31,62,69.6
447,5/29/2017,chartboost,DE,android,3257,35,6,30,0
448,5/29/2017,chartboost,DE,ios,3212,103,23,46,10
449,5/29/2017,chartboost,FR,android,3270,127,26,52,69.27
450,5/29/2017,chartboost,FR,ios,3265,60,7,28,10
451,5/29/2017,chartboost,GB,android,3364,147,24,48,40
452,5/29/2017,chartboost,GB,ios,3340,138,33,66,119.2
453,5/29/2017,chartboost,US,android,9539,316,76,152,299.21
454,5/29/2017,facebook,CA,android,3366,99,26,39.6,90.32
455,5/29/2017,facebook,DE,android,6537,164,30,65.6,98.64
456,5/29/2017,facebook,DE,ios,6830,232,48,92.8,120
457,5/29/2017,facebook,FR,android,3485,102,20,40.8,40
458,5/29/2017,facebook,GB,android,3216,128,10,51.2,10
459,5/29/2017,facebook,GB,ios,3489,61,1,43615,0
460,5/29/2017,facebook,US,android,3259,138,32,55.2,89.6
461,5/29/2017,facebook,US,ios,3483,86,17,34.4,108.89
462,5/29/2017,google,CA,android,3167,86,14,33.33,40
463,5/29/2017,google,DE,ios,3235,34,5,33.33,0
464,5/29/2017,google,FR,ios,6562,205,48,66.66,100.5
465,5/29/2017,google,GB,ios,6673,290,56,66.66,159.2
466,5/29/2017,google,US,android,9729,319,68,99.99,179.92
467,5/29/2017,google,US,ios,3265,96,23,33.33,79.6
468,5/29/2017,unityads,CA,android,6637,235,48,96,259.6
469,5/29/2017,unityads,DE,ios,3482,94,15,30,60.5
470,5/29/2017,unityads,GB,android,3237,104,24,48,30
471,5/29/2017,unityads,GB,ios,6456,218,54,108,199.92
472,5/29/2017,unityads,US,android,10368,332,48,140,149.2
473,5/29/2017,unityads,US,ios,3493,93,17,34,40
474,5/29/2017,vungle,GB,android,9767,356,78,156,298
475,5/29/2017,vungle,GB,ios,6668,255,68,136,238.8
476,5/29/2017,vungle,US,android,13221,412,88,176,199.2
477,5/29/2017,vungle,US,ios,3475,104,19,38,50
478,5/30/2017,adcolony,US,android,16938,439,90,131.7,250.24
479,5/30/2017,adcolony,US,ios,16394,348,55,104.4,225.44
480,5/30/2017,apple_search_ads,DE,ios,3193,129,23,46,69.6
481,5/30/2017,apple_search_ads,GB,ios,6646,234,44,88,10
482,5/30/2017,apple_search_ads,US,ios,22625,744,152,304,349.84
483,5/30/2017,chartboost,CA,ios,3358,86,21,42,20
484,5/30/2017,chartboost,DE,android,3280,117,22,44,100.47
485,5/30/2017,chartboost,DE,ios,3347,45,9,45,20
486,5/30/2017,chartboost,FR,ios,6926,187,40,102,50
487,5/30/2017,chartboost,GB,ios,6711,255,60,120,149.2
488,5/30/2017,chartboost,US,android,6830,171,26,52,100
489,5/30/2017,chartboost,US,ios,3470,83,17,34,110.64
490,5/30/2017,facebook,CA,android,3290,82,12,32.8,50.32
491,5/30/2017,facebook,DE,android,13299,396,74,158.4,188
492,5/30/2017,facebook,FR,ios,3255,102,17,40.8,40
493,5/30/2017,facebook,GB,android,3220,65,6,32.5,0
494,5/30/2017,facebook,GB,ios,3270,135,17,54,0
495,5/30/2017,facebook,US,android,3241,106,28,42.4,90
496,5/30/2017,facebook,US,ios,3205,131,19,52.4,99.2
497,5/30/2017,google,CA,ios,3186,83,13,33.33,50
498,5/30/2017,google,DE,ios,3330,33,5,33.33,0
499,5/30/2017,google,FR,android,3305,95,16,33.33,10
500,5/30/2017,google,FR,ios,3225,101,25,33.33,10
501,5/30/2017,google,GB,ios,6420,233,54,66.66,278.4
502,5/30/2017,google,US,android,3467,87,18,33.33,100.64
503,5/30/2017,google,US,ios,9523,300,61,99.99,260.56
504,5/30/2017,unityads,CA,android,3381,99,20,40,60
505,5/30/2017,unityads,CA,ios,3213,120,27,54,30
506,5/30/2017,unityads,DE,android,3419,93,14,28,70.5
507,5/30/2017,unityads,GB,android,3267,112,22,44,110.64
508,5/30/2017,unityads,GB,ios,6785,184,40,80,288
509,5/30/2017,unityads,US,android,13549,440,82,212,129.92
510,5/30/2017,vungle,GB,android,13692,474,88,176,199.2
511,5/30/2017,vungle,GB,ios,3465,110,21,42,20
512,5/30/2017,vungle,US,android,9731,319,70,140,160.32
513,5/30/2017,vungle,US,ios,6976,224,42,84,170.82
514,5/31/2017,adcolony,US,android,13369,411,80,123.3,149.44
515,5/31/2017,adcolony,US,ios,20017,372,68,111.6,270.4
516,5/31/2017,apple_search_ads,DE,ios,3344,125,19,38,20
517,5/31/2017,apple_search_ads,GB,ios,6526,217,39,78,168.55
518,5/31/2017,apple_search_ads,US,ios,22272,698,138,276,777.29
519,5/31/2017,chartboost,CA,ios,3210,107,27,54,59.6
520,5/31/2017,chartboost,DE,android,3476,91,22,44,20
521,5/31/2017,chartboost,DE,ios,3363,33,11,55,58.4
522,5/31/2017,chartboost,FR,android,3280,87,10,40,20
523,5/31/2017,chartboost,FR,ios,3322,130,21,42,30
524,5/31/2017,chartboost,GB,android,3291,130,26,52,79.6
525,5/31/2017,chartboost,GB,ios,3426,138,27,54,69.6
526,5/31/2017,chartboost,US,android,3292,92,24,48,129.44
527,5/31/2017,chartboost,US,ios,6594,175,34,68,20
528,5/31/2017,facebook,CA,ios,3494,97,17,38.8,0
529,5/31/2017,facebook,DE,android,9780,246,58,98.4,148.4
530,5/31/2017,facebook,DE,ios,3340,133,13,53.2,0
531,5/31/2017,facebook,FR,android,3389,83,18,33.2,109.2
532,5/31/2017,facebook,GB,android,3398,65,12,32.5,30
533,5/31/2017,facebook,GB,ios,3407,126,15,50.4,20
534,5/31/2017,facebook,US,android,3280,155,34,62,10
535,5/31/2017,facebook,US,ios,3249,100,17,40,30
536,5/31/2017,google,CA,ios,3430,98,17,33.33,10
537,5/31/2017,google,DE,android,3463,39,2,33.33,0
538,5/31/2017,google,FR,ios,6332,227,52,66.66,129.77
539,5/31/2017,google,GB,android,6593,247,40,66.66,99.6
540,5/31/2017,google,US,android,6505,214,48,66.66,210.24
541,5/31/2017,google,US,ios,6788,174,42,66.66,129.6
542,5/31/2017,unityads,CA,android,3204,100,14,28,0
543,5/31/2017,unityads,CA,ios,3412,125,19,38,79.6
544,5/31/2017,unityads,DE,android,3448,103,24,48,80.5
545,5/31/2017,unityads,GB,android,6509,188,32,64,90.32
546,5/31/2017,unityads,GB,ios,3499,102,25,50,169.2
547,5/31/2017,unityads,US,android,10077,356,76,204,219.2
548,5/31/2017,unityads,US,ios,3168,92,23,46,79.27
549,5/31/2017,vungle,GB,android,13104,497,104,208,368
550,5/31/2017,vungle,GB,ios,3263,98,13,26,10
551,5/31/2017,vungle,US,android,9577,272,62,124,130
552,5/31/2017,vungle,US,ios,6629,206,48,96,100.5
553,6/1/2017,adcolony,US,android,24157,533,100,159.9,345.04
554,6/1/2017,adcolony,US,ios,9590,279,39,83.7,50
555,6/1/2017,apple_search_ads,DE,ios,3309,129,23,46,119.2
556,6/1/2017,apple_search_ads,GB,ios,6524,223,40,80,99.27
557,6/1/2017,apple_search_ads,US,ios,22439,719,132,264,199.6
558,6/1/2017,chartboost,CA,android,3473,91,20,40,69.6
559,6/1/2017,chartboost,DE,android,3245,97,20,40,70.24
560,6/1/2017,chartboost,DE,ios,3314,32,5,25,10
561,6/1/2017,chartboost,FR,android,6381,193,34,84,79.27
562,6/1/2017,chartboost,GB,android,3253,136,22,44,89.6
563,6/1/2017,chartboost,GB,ios,3353,126,29,58,59.6
564,6/1/2017,chartboost,US,android,9784,288,54,108,169.76
565,6/1/2017,facebook,CA,ios,3356,107,19,42.8,80.32
566,6/1/2017,facebook,DE,android,3427,141,34,56.4,208.8
567,6/1/2017,facebook,DE,ios,10397,290,49,116,110.24
568,6/1/2017,facebook,FR,android,3361,71,18,43583,10
569,6/1/2017,facebook,GB,android,3348,74,10,37,50
570,6/1/2017,facebook,GB,ios,3437,120,15,48,78.4
571,6/1/2017,facebook,US,android,3210,101,22,40.4,128.89
572,6/1/2017,facebook,US,ios,3346,141,25,56.4,10
573,6/1/2017,google,CA,android,3284,88,12,33.33,10
574,6/1/2017,google,DE,android,3451,27,4,33.33,58
575,6/1/2017,google,FR,android,3288,103,26,33.33,79.27
576,6/1/2017,google,FR,ios,3345,107,19,33.33,0
577,6/1/2017,google,GB,android,6464,250,44,66.66,149.6
578,6/1/2017,google,US,android,6631,193,44,66.66,90.32
579,6/1/2017,google,US,ios,6670,175,30,66.66,20
580,6/1/2017,unityads,CA,android,3483,94,18,36,50
581,6/1/2017,unityads,CA,ios,3290,125,21,42,59.6
582,6/1/2017,unityads,DE,android,3256,97,14,28,20
583,6/1/2017,unityads,GB,android,3477,83,22,44,139.2
584,6/1/2017,unityads,GB,ios,6457,195,40,80,109.6
585,6/1/2017,unityads,US,android,10320,376,74,208,220.24
586,6/1/2017,unityads,US,ios,3221,110,19,38,69.27
587,6/1/2017,vungle,GB,android,6880,270,56,112,188.8
588,6/1/2017,vungle,GB,ios,10393,329,57,114,308
589,6/1/2017,vungle,US,android,6948,184,40,80,250.96
590,6/1/2017,vungle,US,ios,10410,313,61,122,50
591,6/2/2017,adcolony,US,android,23551,529,104,158.7,505.2
592,6/2/2017,adcolony,US,ios,9692,290,65,87,279.53
593,6/2/2017,apple_search_ads,DE,ios,3252,133,23,46,49.6
594,6/2/2017,apple_search_ads,GB,ios,6788,213,40,80,118.55
595,6/2/2017,apple_search_ads,US,ios,24166,697,113,226,130
596,6/2/2017,chartboost,CA,ios,3358,110,21,42,79.6
597,6/2/2017,chartboost,DE,ios,6521,142,36,93,120.47
598,6/2/2017,chartboost,FR,ios,6543,191,36,82,50
599,6/2/2017,chartboost,GB,android,3376,122,28,56,109.2
600,6/2/2017,chartboost,GB,ios,3268,130,27,54,20
601,6/2/2017,chartboost,US,android,3356,82,14,28,70.32
602,6/2/2017,chartboost,US,ios,6388,191,36,72,60
603,6/2/2017,facebook,CA,ios,3334,100,23,40,60.32
604,6/2/2017,facebook,DE,android,6901,165,38,66,40
605,6/2/2017,facebook,DE,ios,6640,207,44,82.8,79.6
606,6/2/2017,facebook,FR,ios,3294,88,23,35.2,20
607,6/2/2017,facebook,GB,android,6339,232,16,100.8,0
608,6/2/2017,facebook,US,android,3293,159,28,63.6,49.6
609,6/2/2017,facebook,US,ios,3274,114,23,45.6,128.89
610,6/2/2017,google,CA,ios,3460,101,27,33.33,20
611,6/2/2017,google,DE,android,3279,31,2,33.33,0
612,6/2/2017,google,FR,android,6703,202,40,66.66,110.5
613,6/2/2017,google,GB,android,3197,103,28,33.33,79.6
614,6/2/2017,google,GB,ios,3263,136,17,33.33,20
615,6/2/2017,google,US,android,3374,114,26,33.33,149.2
616,6/2/2017,google,US,ios,10036,281,55,99.99,140.32
617,6/2/2017,unityads,CA,android,6736,229,46,92,179.2
618,6/2/2017,unityads,DE,android,3326,101,22,44,60.5
619,6/2/2017,unityads,GB,android,6684,207,30,60,40
620,6/2/2017,unityads,GB,ios,3365,119,17,34,30
621,6/2/2017,unityads,US,android,3167,98,20,40,50
622,6/2/2017,unityads,US,ios,9963,382,71,188,89.6
623,6/2/2017,vungle,GB,android,10351,348,80,160,259.2
624,6/2/2017,vungle,GB,ios,6783,250,34,68,40
625,6/2/2017,vungle,US,android,10254,319,74,148,219.52
626,6/2/2017,vungle,US,ios,6387,200,40,80,60
627,6/3/2017,adcolony,US,android,20555,598,144,179.4,517.21
628,6/3/2017,adcolony,US,ios,13883,214,42,64.2,68
629,6/3/2017,apple_search_ads,DE,ios,3179,134,26,52,59.6
630,6/3/2017,apple_search_ads,GB,ios,6996,225,45,90,188.55
631,6/3/2017,apple_search_ads,US,ios,23255,714,123,246,588.88
632,6/3/2017,chartboost,CA,android,3347,105,24,48,89.6
633,6/3/2017,chartboost,DE,android,6462,157,36,96,70.24
634,6/3/2017,chartboost,FR,android,6623,182,30,72,98.55
635,6/3/2017,chartboost,GB,ios,6853,284,62,124,208.8
636,6/3/2017,chartboost,US,android,6873,200,40,80,190.96
637,6/3/2017,chartboost,US,ios,3180,103,15,30,59.44
638,6/3/2017,facebook,CA,android,3297,85,14,34,10
639,6/3/2017,facebook,DE,android,3234,85,14,34,10
640,6/3/2017,facebook,DE,ios,9737,316,63,126.4,177.6
641,6/3/2017,facebook,FR,android,3203,90,20,36,20
642,6/3/2017,facebook,GB,android,3334,124,8,49.6,0
643,6/3/2017,facebook,GB,ios,3278,60,3,30,0
644,6/3/2017,facebook,US,android,3394,131,34,52.4,49.6
645,6/3/2017,facebook,US,ios,3173,95,15,38,10
646,6/3/2017,google,CA,android,3235,100,22,33.33,20
647,6/3/2017,google,DE,android,3414,41,2,33.33,58
648,6/3/2017,google,FR,android,3469,108,22,33.33,111
649,6/3/2017,google,FR,ios,3435,101,21,33.33,59.27
650,6/3/2017,google,GB,android,6636,250,42,66.66,90
651,6/3/2017,google,US,android,10011,287,68,99.99,369.76
652,6/3/2017,google,US,ios,3420,101,15,33.33,70.32
653,6/3/2017,unityads,CA,android,6663,226,38,76,140
654,6/3/2017,unityads,DE,android,3426,100,24,48,121
655,6/3/2017,unityads,GB,android,3455,116,26,52,40
656,6/3/2017,unityads,GB,ios,6718,185,38,76,90
657,6/3/2017,unityads,US,android,9911,328,70,140,120.64
658,6/3/2017,unityads,US,ios,3282,159,25,100,109.6
659,6/3/2017,vungle,GB,android,10255,356,74,148,308.4
660,6/3/2017,vungle,GB,ios,6908,246,50,100,60
661,6/3/2017,vungle,US,android,6545,193,38,76,250.96
662,6/3/2017,vungle,US,ios,10281,316,65,130,210.24
663,6/4/2017,adcolony,US,android,17091,455,92,136.5,218
664,6/4/2017,adcolony,US,ios,17002,354,59,106.2,217.12
665,6/4/2017,apple_search_ads,DE,ios,3242,115,20,40,20
666,6/4/2017,apple_search_ads,GB,ios,6824,247,48,96,169.27
667,6/4/2017,apple_search_ads,US,ios,23404,722,141,282,489.68
668,6/4/2017,chartboost,CA,android,3470,112,24,48,69.6
669,6/4/2017,chartboost,DE,android,6917,129,22,62,60.24
670,6/4/2017,chartboost,FR,android,6459,195,38,88,20
671,6/4/2017,chartboost,GB,android,6813,242,48,96,218.8
672,6/4/2017,chartboost,US,android,6338,214,46,92,230.4
673,6/4/2017,chartboost,US,ios,3297,101,23,46,80
674,6/4/2017,facebook,CA,ios,3182,104,19,41.6,150.64
675,6/4/2017,facebook,DE,android,6906,156,34,62.4,60
676,6/4/2017,facebook,DE,ios,6606,242,46,96.8,50
677,6/4/2017,facebook,FR,ios,3402,96,21,38.4,40
678,6/4/2017,facebook,GB,ios,6722,193,18,84.3,10
679,6/4/2017,facebook,US,android,3404,133,26,53.2,79.6
680,6/4/2017,facebook,US,ios,3452,96,17,38.4,79.44
681,6/4/2017,google,CA,ios,3242,111,11,33.33,20
682,6/4/2017,google,DE,android,3194,28,4,33.33,0
683,6/4/2017,google,FR,ios,6648,169,36,66.66,30
684,6/4/2017,google,GB,android,3428,144,26,33.33,198.8
685,6/4/2017,google,GB,ios,3350,119,23,33.33,30
686,6/4/2017,google,US,ios,13251,437,72,133.32,170.64
687,6/4/2017,unityads,CA,android,3340,152,34,68,79.6
688,6/4/2017,unityads,CA,ios,3225,102,21,42,60
689,6/4/2017,unityads,DE,ios,3437,108,19,38,111
690,6/4/2017,unityads,GB,android,3241,104,18,36,20
691,6/4/2017,unityads,GB,ios,6378,171,36,72,40
692,6/4/2017,unityads,US,android,6850,212,44,136,40
693,6/4/2017,unityads,US,ios,6609,222,46,92,139.92
694,6/4/2017,vungle,GB,android,6674,251,50,100,198.8
695,6/4/2017,vungle,GB,ios,9542,323,67,134,239.2
696,6/4/2017,vungle,US,android,13431,401,84,168,170.32
697,6/4/2017,vungle,US,ios,3307,101,23,46,110.64
698,6/5/2017,adcolony,US,android,27441,676,128,202.8,346.16
699,6/5/2017,adcolony,US,ios,6763,126,20,37.8,8
700,6/5/2017,apple_search_ads,DE,ios,3386,136,30,60,30
701,6/5/2017,apple_search_ads,GB,ios,6794,225,45,90,129.27
702,6/5/2017,apple_search_ads,US,ios,23546,675,141,282,409.84
703,6/5/2017,chartboost,CA,ios,3226,112,17,34,20
704,6/5/2017,chartboost,DE,ios,6483,136,24,69,90.24
705,6/5/2017,chartboost,FR,android,3291,56,4,16,0
706,6/5/2017,chartboost,FR,ios,3439,120,21,42,60
707,6/5/2017,chartboost,GB,android,3356,159,34,68,149.2
708,6/5/2017,chartboost,GB,ios,3391,129,23,46,20
709,6/5/2017,chartboost,US,android,6490,185,34,68,120
710,6/5/2017,chartboost,US,ios,3368,114,19,38,20
711,6/5/2017,facebook,CA,android,3171,95,16,38,120.64
712,6/5/2017,facebook,DE,android,9701,243,52,97.2,80.24
713,6/5/2017,facebook,DE,ios,3349,141,31,56.4,99.6
714,6/5/2017,facebook,FR,android,3408,113,18,45.2,139.2
715,6/5/2017,facebook,GB,ios,6562,205,14,88.7,58.4
716,6/5/2017,facebook,US,android,6663,232,40,92.8,158.89
717,6/5/2017,google,CA,ios,3173,81,17,33.33,20
718,6/5/2017,google,DE,ios,3478,35,1,33.33,0
719,6/5/2017,google,FR,ios,6945,183,34,66.66,10
720,6/5/2017,google,GB,android,3342,133,28,33.33,59.6
721,6/5/2017,google,GB,ios,3267,138,27,33.33,69.6
722,6/5/2017,google,US,android,6528,180,38,66.66,129.2
723,6/5/2017,google,US,ios,6849,187,42,66.66,110.32
724,6/5/2017,unityads,CA,ios,6387,234,46,92,239.2
725,6/5/2017,unityads,DE,android,3236,94,24,48,50.5
726,6/5/2017,unityads,GB,ios,9636,268,61,122,110.32
727,6/5/2017,unityads,US,android,6627,273,50,152,119.6
728,6/5/2017,unityads,US,ios,6435,196,42,84,160.64
729,6/5/2017,vungle,GB,android,6657,243,50,100,50
730,6/5/2017,vungle,GB,ios,10089,330,77,154,129.6
731,6/5/2017,vungle,US,android,6866,208,32,64,40
732,6/5/2017,vungle,US,ios,10356,303,59,118,279.44
733,6/6/2017,adcolony,US,android,20129,510,100,153,368.16
734,6/6/2017,adcolony,US,ios,12892,303,48,90.9,109.44
735,6/6/2017,apple_search_ads,DE,ios,3364,123,26,52,40
736,6/6/2017,apple_search_ads,GB,ios,6657,228,38,76,50
737,6/6/2017,apple_search_ads,US,ios,22863,720,128,256,219.2
738,6/6/2017,chartboost,CA,ios,3184,94,21,42,69.6
739,6/6/2017,chartboost,DE,android,6859,111,22,56,60.24
740,6/6/2017,chartboost,FR,android,6666,232,26,64,30
741,6/6/2017,chartboost,GB,ios,6549,267,58,116,129.2
742,6/6/2017,chartboost,US,android,3172,88,10,20,20
743,6/6/2017,chartboost,US,ios,6948,202,44,88,128.89
744,6/6/2017,facebook,CA,android,3296,110,28,44,170.96
745,6/6/2017,facebook,DE,android,6564,156,34,62.4,178.4
746,6/6/2017,facebook,DE,ios,6416,199,48,79.6,148.8
747,6/6/2017,facebook,FR,ios,3372,104,19,41.6,89.6
748,6/6/2017,facebook,GB,android,3465,132,16,52.8,30
749,6/6/2017,facebook,GB,ios,3377,59,7,43614,10
750,6/6/2017,facebook,US,android,3180,108,30,43.2,79.44
751,6/6/2017,facebook,US,ios,3491,149,27,59.6,59.6
752,6/6/2017,google,CA,ios,3305,100,21,33.33,50
753,6/6/2017,google,DE,android,3282,24,2,33.33,10
754,6/6/2017,google,FR,ios,6732,219,46,66.66,89.27
755,6/6/2017,google,GB,android,6984,247,52,66.66,199.2
756,6/6/2017,google,US,android,12887,370,72,133.32,240.24
757,6/6/2017,unityads,CA,android,6908,227,40,80,219.2
758,6/6/2017,unityads,DE,android,3168,123,20,40,141
759,6/6/2017,unityads,GB,android,6977,207,38,76,219.84
760,6/6/2017,unityads,GB,ios,3257,90,17,34,20
761,6/6/2017,unityads,US,android,10445,339,58,116,50
762,6/6/2017,unityads,US,ios,3354,155,31,124,149.6
763,6/6/2017,vungle,GB,android,10356,356,78,156,170
764,6/6/2017,vungle,GB,ios,6855,237,48,96,139.2
765,6/6/2017,vungle,US,android,9554,261,48,96,120
766,6/6/2017,vungle,US,ios,6960,209,50,100,412.24
767,6/7/2017,adcolony,US,android,24408,596,112,178.8,396.4
768,6/7/2017,adcolony,US,ios,9873,231,43,69.3,282.8
769,6/7/2017,apple_search_ads,DE,ios,3240,149,25,50,40
770,6/7/2017,apple_search_ads,GB,ios,6763,237,49,98,90
771,6/7/2017,apple_search_ads,US,ios,23975,716,141,282,708.72
772,6/7/2017,chartboost,CA,ios,3446,85,21,42,109.2
773,6/7/2017,chartboost,DE,android,3275,97,16,32,80.24
774,6/7/2017,chartboost,DE,ios,3247,27,3,15,0
775,6/7/2017,chartboost,FR,android,3419,81,12,48,68.4
776,6/7/2017,chartboost,FR,ios,3228,138,31,62,59.27
777,6/7/2017,chartboost,GB,ios,6380,262,52,104,169.6
778,6/7/2017,chartboost,US,ios,9813,285,61,122,300.4
779,6/7/2017,facebook,CA,android,3317,103,20,41.2,130.64
780,6/7/2017,facebook,DE,android,9937,296,60,118.4,90.24
781,6/7/2017,facebook,DE,ios,3201,92,23,36.8,60
782,6/7/2017,facebook,FR,android,3258,88,14,35.2,10
783,6/7/2017,facebook,GB,ios,6541,209,24,91.4,128.4
784,6/7/2017,facebook,US,android,3223,121,28,48.4,188.8
785,6/7/2017,facebook,US,ios,3395,97,23,38.8,59.44
786,6/7/2017,google,CA,android,3312,82,18,33.33,60
787,6/7/2017,google,DE,ios,3170,30,5,33.33,10
788,6/7/2017,google,FR,android,6865,194,36,66.66,99.77
789,6/7/2017,google,GB,android,3192,117,24,33.33,20
790,6/7/2017,google,GB,ios,3227,104,17,33.33,59.6
791,6/7/2017,google,US,android,6506,190,42,66.66,100.32
792,6/7/2017,google,US,ios,6978,212,48,66.66,90.32
793,6/7/2017,unityads,CA,android,3321,103,16,32,40
794,6/7/2017,unityads,CA,ios,3375,127,29,58,50
795,6/7/2017,unityads,DE,android,3214,80,18,36,50
796,6/7/2017,unityads,GB,android,3371,100,12,24,60.32
797,6/7/2017,unityads,GB,ios,6706,203,26,52,89.6
798,6/7/2017,unityads,US,android,3481,126,26,52,139.2
799,6/7/2017,unityads,US,ios,9548,355,67,180,270.24
800,6/7/2017,vungle,GB,android,17085,591,100,200,368.4
801,6/7/2017,vungle,US,android,6558,201,30,60,150.64
802,6/7/2017,vungle,US,ios,9622,328,69,138,330.2
803,6/8/2017,adcolony,US,android,10276,223,40,66.9,110
804,6/8/2017,adcolony,US,ios,23239,600,117,180,348.24
805,6/8/2017,apple_search_ads,DE,ios,3474,110,27,54,129.2
806,6/8/2017,apple_search_ads,GB,ios,6489,211,49,98,140
807,6/8/2017,apple_search_ads,US,ios,23060,679,134,268,260.24
808,6/8/2017,chartboost,CA,android,3177,106,20,40,59.6
809,6/8/2017,chartboost,DE,android,6821,141,26,64,0
810,6/8/2017,chartboost,FR,android,3200,57,6,24,0
811,6/8/2017,chartboost,FR,ios,3182,123,23,46,49.27
812,6/8/2017,chartboost,GB,android,3395,124,24,48,20
813,6/8/2017,chartboost,GB,ios,3287,146,27,54,20
814,6/8/2017,chartboost,US,android,3448,106,28,56,110.32
815,6/8/2017,chartboost,US,ios,6624,171,38,76,80
816,6/8/2017,facebook,CA,ios,3307,105,21,42,80.32
817,6/8/2017,facebook,DE,android,13323,419,80,167.6,370.07
818,6/8/2017,facebook,FR,android,3382,94,22,37.6,10
819,6/8/2017,facebook,GB,android,6692,182,18,78.6,68.4
820,6/8/2017,facebook,US,android,6956,223,54,89.2,139.04
821,6/8/2017,google,CA,android,3275,110,18,33.33,20
822,6/8/2017,google,DE,android,3441,32,4,33.33,10
823,6/8/2017,google,FR,android,3467,99,26,33.33,121
824,6/8/2017,google,FR,ios,3257,101,21,33.33,59.27
825,6/8/2017,google,GB,android,6725,261,48,66.66,179.2
826,6/8/2017,google,US,android,6915,186,36,66.66,209.92
827,6/8/2017,google,US,ios,6554,187,24,66.66,40
828,6/8/2017,unityads,CA,android,3443,88,16,32,80
829,6/8/2017,unityads,CA,ios,3259,137,23,46,119.2
830,6/8/2017,unityads,DE,ios,3258,101,21,42,70.5
831,6/8/2017,unityads,GB,android,6759,192,48,96,159.92
832,6/8/2017,unityads,GB,ios,3174,99,25,50,129.2
833,6/8/2017,unityads,US,android,3438,130,26,104,60
834,6/8/2017,unityads,US,ios,10249,331,59,118,89.6
835,6/8/2017,vungle,GB,android,9782,361,68,136,218.8
836,6/8/2017,vungle,GB,ios,6408,212,38,76,10
837,6/8/2017,vungle,US,android,6348,207,48,96,150.5
838,6/8/2017,vungle,US,ios,10316,308,61,122,290.16
839,6/9/2017,adcolony,US,android,15971,374,72,112.2,283.77
840,6/9/2017,adcolony,US,ios,16824,491,115,147.3,258.8
841,6/9/2017,apple_search_ads,DE,ios,3331,116,28,56,129.2
842,6/9/2017,apple_search_ads,GB,ios,6423,228,55,110,40
843,6/9/2017,apple_search_ads,US,ios,23105,676,125,250,467.52
844,6/9/2017,chartboost,CA,android,3172,90,18,36,10
845,6/9/2017,chartboost,DE,android,6492,146,24,78,60.24
846,6/9/2017,chartboost,FR,ios,6532,205,38,90,30
847,6/9/2017,chartboost,GB,android,6354,302,56,112,129.6
848,6/9/2017,chartboost,US,android,3395,78,12,24,10
849,6/9/2017,chartboost,US,ios,6952,186,36,72,70
850,6/9/2017,facebook,CA,ios,3250,86,15,34.4,110.64
851,6/9/2017,facebook,DE,android,6719,174,28,69.6,0
852,6/9/2017,facebook,DE,ios,6429,244,46,97.6,79.6
853,6/9/2017,facebook,FR,ios,3421,108,17,43.2,50
854,6/9/2017,facebook,GB,android,3227,71,6,35.5,0
855,6/9/2017,facebook,GB,ios,3374,135,11,54,0
856,6/9/2017,facebook,US,android,6644,219,32,87.6,89.44
857,6/9/2017,google,CA,android,3284,99,24,33.33,60
858,6/9/2017,google,DE,ios,3227,24,3,33.33,0
859,6/9/2017,google,FR,ios,6441,191,44,66.66,108.55
860,6/9/2017,google,GB,android,3349,122,26,33.33,49.6
861,6/9/2017,google,GB,ios,3289,122,25,33.33,79.6
862,6/9/2017,google,US,android,3310,101,22,33.33,10
863,6/9/2017,google,US,ios,10417,256,53,99.99,228.4
864,6/9/2017,unityads,CA,ios,6949,227,44,88,40
865,6/9/2017,unityads,DE,android,3354,98,18,36,0
866,6/9/2017,unityads,GB,android,6920,199,42,84,60
867,6/9/2017,unityads,GB,ios,3324,107,23,46,70.32
868,6/9/2017,unityads,US,android,6672,267,56,176,149.6
869,6/9/2017,unityads,US,ios,6904,195,34,68,79.27
870,6/9/2017,vungle,GB,android,6856,227,48,96,110
871,6/9/2017,vungle,GB,ios,9788,345,57,114,149.2
872,6/9/2017,vungle,US,android,6748,198,48,96,110
873,6/9/2017,vungle,US,ios,9725,306,57,114,100.32
874,6/10/2017,adcolony,US,android,13420,308,68,92.4,156.4
875,6/10/2017,adcolony,US,ios,20184,479,82,143.7,387.84
876,6/10/2017,apple_search_ads,DE,ios,3331,132,28,56,79.6
877,6/10/2017,apple_search_ads,GB,ios,6673,232,44,88,30
878,6/10/2017,apple_search_ads,US,ios,24242,696,142,284,308.49
879,6/10/2017,chartboost,CA,android,3334,94,18,36,59.6
880,6/10/2017,chartboost,DE,android,3490,32,4,20,10
881,6/10/2017,chartboost,DE,ios,3429,103,25,50,70.24
882,6/10/2017,chartboost,FR,android,3268,61,8,32,48.4
883,6/10/2017,chartboost,FR,ios,3212,139,21,42,20
884,6/10/2017,chartboost,GB,ios,6343,292,54,108,228.4
885,6/10/2017,chartboost,US,android,6521,210,44,88,170.32
886,6/10/2017,chartboost,US,ios,3376,92,21,42,69.44
887,6/10/2017,facebook,CA,ios,3246,102,15,40.8,20
888,6/10/2017,facebook,DE,android,6615,195,44,78,190
889,6/10/2017,facebook,DE,ios,6412,191,28,76.4,59.6
890,6/10/2017,facebook,FR,android,3166,102,16,40.8,59.6
891,6/10/2017,facebook,GB,ios,6593,205,24,88.4,10
892,6/10/2017,facebook,US,android,3472,122,24,48.8,129.2
893,6/10/2017,facebook,US,ios,3253,95,17,38,40
894,6/10/2017,google,CA,ios,3380,103,23,33.33,20
895,6/10/2017,google,DE,android,3381,31,2,33.33,0
896,6/10/2017,google,FR,android,3340,111,18,33.33,10
897,6/10/2017,google,FR,ios,3285,78,11,33.33,10
898,6/10/2017,google,GB,ios,6948,250,54,66.66,109.6
899,6/10/2017,google,US,android,10179,297,64,99.99,228.8
900,6/10/2017,google,US,ios,3311,105,23,33.33,130.64
901,6/10/2017,unityads,CA,android,3176,80,18,36,60
902,6/10/2017,unityads,CA,ios,3384,141,35,70,40
903,6/10/2017,unityads,DE,android,3250,91,20,40,20
904,6/10/2017,unityads,GB,android,6372,217,38,76,149.92
905,6/10/2017,unityads,GB,ios,3179,108,29,58,89.6
906,6/10/2017,unityads,US,android,6556,280,58,172,60
907,6/10/2017,unityads,US,ios,6957,200,46,92,240.23
908,6/10/2017,vungle,GB,android,13811,455,88,176,367.6
909,6/10/2017,vungle,GB,ios,3172,97,25,50,30
910,6/10/2017,vungle,US,android,6698,202,42,84,110.64
911,6/10/2017,vungle,US,ios,9658,298,57,114,40
912,6/11/2017,adcolony,US,android,9609,251,36,75.3,90
913,6/11/2017,adcolony,US,ios,24317,599,135,179.7,379.6
914,6/11/2017,apple_search_ads,DE,ios,3374,127,14,28,20
915,6/11/2017,apple_search_ads,GB,ios,6685,215,32,64,70
916,6/11/2017,apple_search_ads,US,ios,23642,688,150,300,270.08
917,6/11/2017,chartboost,CA,android,3183,102,22,44,59.6
918,6/11/2017,chartboost,DE,android,3272,92,14,28,20
919,6/11/2017,chartboost,DE,ios,3331,37,9,45,0
920,6/11/2017,chartboost,FR,ios,6646,203,34,78,30
921,6/11/2017,chartboost,GB,android,6542,250,48,96,60
922,6/11/2017,chartboost,US,android,3483,111,24,48,188.33
923,6/11/2017,chartboost,US,ios,6420,177,26,52,20
924,6/11/2017,facebook,CA,ios,3203,96,17,38.4,30
925,6/11/2017,facebook,DE,android,6354,156,24,62.4,88.4
926,6/11/2017,facebook,DE,ios,6674,228,48,91.2,130
927,6/11/2017,facebook,FR,ios,3279,100,15,40,69.6
928,6/11/2017,facebook,GB,android,3346,55,4,43612,20
929,6/11/2017,facebook,GB,ios,3416,128,15,51.2,58.4
930,6/11/2017,facebook,US,android,3283,100,20,40,59.44
931,6/11/2017,facebook,US,ios,3319,118,25,47.2,79.6
932,6/11/2017,google,CA,ios,3273,84,11,33.33,60
933,6/11/2017,google,DE,android,3464,35,4,33.33,0
934,6/11/2017,google,FR,android,3450,97,22,33.33,111
935,6/11/2017,google,FR,ios,3253,90,13,33.33,10
936,6/11/2017,google,GB,android,3206,127,30,33.33,30
937,6/11/2017,google,GB,ios,3380,147,29,33.33,40
938,6/11/2017,google,US,android,10281,284,64,99.99,190.64
939,6/11/2017,google,US,ios,3459,99,17,33.33,20
940,6/11/2017,unityads,CA,ios,6947,223,38,76,50
941,6/11/2017,unityads,DE,ios,3184,97,17,34,60
942,6/11/2017,unityads,GB,android,6747,194,34,68,90
943,6/11/2017,unityads,GB,ios,3273,100,23,46,69.6
944,6/11/2017,unityads,US,android,6674,250,50,140,248.4
945,6/11/2017,unityads,US,ios,6991,193,32,64,287.41
946,6/11/2017,vungle,GB,android,3182,109,20,40,60
947,6/11/2017,vungle,GB,ios,13689,502,108,216,428
948,6/11/2017,vungle,US,android,6621,174,38,76,89.6
949,6/11/2017,vungle,US,ios,9679,296,57,114,180.82
950,6/12/2017,adcolony,US,android,19627,494,94,148.2,399.12
951,6/12/2017,adcolony,US,ios,13956,369,72,110.7,149.2
952,6/12/2017,apple_search_ads,DE,ios,3488,136,24,48,59.6
953,6/12/2017,apple_search_ads,GB,ios,6794,191,27,54,0
954,6/12/2017,apple_search_ads,US,ios,24473,652,122,244,398.88
955,6/12/2017,chartboost,CA,ios,3294,102,25,50,89.6
956,6/12/2017,chartboost,DE,android,3371,110,18,36,20
957,6/12/2017,chartboost,DE,ios,3294,28,5,25,20
958,6/12/2017,chartboost,FR,ios,6859,173,30,78,167.82
959,6/12/2017,chartboost,GB,android,3296,118,20,40,40
960,6/12/2017,chartboost,GB,ios,3466,136,23,46,50
961,6/12/2017,chartboost,US,android,6547,188,46,92,349.29
962,6/12/2017,chartboost,US,ios,3282,114,21,42,30
963,6/12/2017,facebook,CA,android,3305,93,14,37.2,20
964,6/12/2017,facebook,DE,android,12764,397,64,158.8,98.4
965,6/12/2017,facebook,FR,android,3227,80,10,32,59.6
966,6/12/2017,facebook,GB,android,3237,125,18,50,20
967,6/12/2017,facebook,GB,ios,3378,71,7,35.5,0
968,6/12/2017,facebook,US,ios,6739,228,44,91.2,109.44
969,6/12/2017,google,CA,ios,3440,90,13,33.33,70
970,6/12/2017,google,FR,android,6783,207,34,66.66,40
971,6/12/2017,google,GB,android,3290,145,28,33.33,89.6
972,6/12/2017,google,GB,ios,3495,127,21,33.33,79.6
973,6/12/2017,google,US,android,10057,283,54,99.99,311.28
974,6/12/2017,google,US,ios,3463,111,19,33.33,30
975,6/12/2017,unityads,CA,android,3247,98,20,40,90
976,6/12/2017,unityads,CA,ios,3192,103,23,46,119.2
977,6/12/2017,unityads,DE,android,3348,99,18,36,60.5
978,6/12/2017,unityads,GB,ios,10339,280,51,102,259.12
979,6/12/2017,unityads,US,android,6744,222,52,164,40
980,6/12/2017,unityads,US,ios,6410,233,46,92,69.6
981,6/12/2017,vungle,GB,android,10305,302,66,132,268
982,6/12/2017,vungle,GB,ios,6503,233,50,100,258.4
983,6/12/2017,vungle,US,android,6399,209,48,96,120.1
984,6/12/2017,vungle,US,ios,9802,275,63,126,240.96
985,6/13/2017,adcolony,US,android,20867,440,86,132,309.44
986,6/13/2017,adcolony,US,ios,13060,352,68,105.6,228.49
987,6/13/2017,apple_search_ads,DE,ios,3348,128,23,46,69.6
988,6/13/2017,apple_search_ads,GB,ios,6728,234,51,102,188.55
989,6/13/2017,apple_search_ads,US,ios,22227,688,137,274,518.88
990,6/13/2017,chartboost,CA,ios,3391,81,13,26,10
991,6/13/2017,chartboost,DE,ios,6583,130,22,65,90.24
992,6/13/2017,chartboost,FR,android,6569,200,26,56,40
993,6/13/2017,chartboost,GB,android,3347,129,24,48,50
994,6/13/2017,chartboost,GB,ios,3326,121,21,42,59.6
995,6/13/2017,chartboost,US,android,6462,220,40,80,90.32
996,6/13/2017,chartboost,US,ios,3251,106,13,26,10
997,6/13/2017,facebook,CA,ios,3177,95,19,38,10
998,6/13/2017,facebook,DE,android,6650,194,32,77.6,79.6
999,6/13/2017,facebook,DE,ios,6856,171,26,68.4,58.4
1000,6/13/2017,facebook,FR,android,3310,115,20,46,69.6
1001,6/13/2017,facebook,GB,ios,6994,197,22,84.6,0
1002,6/13/2017,facebook,US,android,3225,125,26,50,20
1003,6/13/2017,facebook,US,ios,3169,104,23,41.6,108.89
1004,6/13/2017,google,CA,ios,3323,108,19,33.33,20
1005,6/13/2017,google,DE,ios,3404,33,5,33.33,0
1006,6/13/2017,google,FR,ios,6914,202,34,66.66,79.27
1007,6/13/2017,google,GB,android,3326,142,30,33.33,79.6
1008,6/13/2017,google,GB,ios,3252,127,35,33.33,149.2
1009,6/13/2017,google,US,android,10113,285,56,99.99,230.24
1010,6/13/2017,google,US,ios,3307,87,17,33.33,20
1011,6/13/2017,unityads,CA,android,3169,121,28,56,70
1012,6/13/2017,unityads,CA,ios,3321,141,37,74,149.2
1013,6/13/2017,unityads,DE,ios,3225,99,19,38,40
1014,6/13/2017,unityads,GB,android,3419,100,16,32,40
1015,6/13/2017,unityads,GB,ios,6808,177,28,56,10
1016,6/13/2017,unityads,US,ios,13111,418,78,194,130.32
1017,6/13/2017,vungle,GB,android,12904,464,104,208,348.8
1018,6/13/2017,vungle,GB,ios,3477,121,21,42,69.6
1019,6/13/2017,vungle,US,android,9700,285,50,100,110
1020,6/13/2017,vungle,US,ios,6765,219,46,92,60
1021,6/14/2017,adcolony,US,android,13080,384,72,115.2,278.8
1022,6/14/2017,adcolony,US,ios,20161,401,66,120.3,334.48
1023,6/14/2017,apple_search_ads,DE,ios,3391,134,18,36,69.6
1024,6/14/2017,apple_search_ads,GB,ios,6954,238,41,82,60
1025,6/14/2017,apple_search_ads,US,ios,23533,710,132,264,340.24
1026,6/14/2017,chartboost,CA,android,3258,110,22,44,69.6
1027,6/14/2017,chartboost,DE,android,3393,39,14,70,58.4
1028,6/14/2017,chartboost,DE,ios,3357,107,21,42,0
1029,6/14/2017,chartboost,FR,android,3494,63,2,8,0
1030,6/14/2017,chartboost,FR,ios,3475,122,33,66,187.82
1031,6/14/2017,chartboost,GB,android,3195,130,34,68,119.2
1032,6/14/2017,chartboost,GB,ios,3328,139,29,58,10
1033,6/14/2017,chartboost,US,android,6647,215,34,68,80.32
1034,6/14/2017,chartboost,US,ios,3291,85,13,26,20
1035,6/14/2017,facebook,CA,android,3255,95,20,38,180.96
1036,6/14/2017,facebook,DE,android,6854,175,28,70,118.4
1037,6/14/2017,facebook,DE,ios,6637,247,50,98.8,280.31
1038,6/14/2017,facebook,FR,android,3340,89,16,35.6,10
1039,6/14/2017,facebook,GB,ios,6452,198,14,85.5,68.4
1040,6/14/2017,facebook,US,android,3374,121,34,48.4,30
1041,6/14/2017,facebook,US,ios,3418,135,45,54,20
1042,6/14/2017,google,CA,ios,3315,92,25,33.33,20
1043,6/14/2017,google,DE,android,3345,37,2,33.33,0
1044,6/14/2017,google,FR,android,3190,119,18,33.33,20
1045,6/14/2017,google,FR,ios,3392,107,23,33.33,69.27
1046,6/14/2017,google,GB,android,3252,131,30,33.33,119.2
1047,6/14/2017,google,GB,ios,3337,122,27,33.33,10
1048,6/14/2017,google,US,android,6735,186,34,66.66,220.24
1049,6/14/2017,google,US,ios,6832,199,44,66.66,140.64
1050,6/14/2017,unityads,CA,ios,6385,210,32,64,40
1051,6/14/2017,unityads,DE,ios,3348,104,15,30,80.5
1052,6/14/2017,unityads,GB,ios,9824,274,59,118,110.32
1053,6/14/2017,unityads,US,android,6818,215,52,168,309.44
1054,6/14/2017,unityads,US,ios,6547,231,44,88,20
1055,6/14/2017,vungle,GB,android,10419,315,50,100,190
1056,6/14/2017,vungle,GB,ios,6674,286,58,116,178.8
1057,6/14/2017,vungle,US,android,3280,118,26,52,60.5
1058,6/14/2017,vungle,US,ios,13255,381,78,156,120
1059,6/15/2017,adcolony,US,android,13223,286,52,85.8,136.8
1060,6/15/2017,adcolony,US,ios,20958,545,96,163.5,249.12
1061,6/15/2017,apple_search_ads,DE,ios,3174,136,27,54,188.8
1062,6/15/2017,apple_search_ads,GB,ios,6918,244,58,116,229.27
1063,6/15/2017,apple_search_ads,US,ios,23724,729,148,296,319.52
1064,6/15/2017,chartboost,CA,ios,3251,107,27,54,40
1065,6/15/2017,chartboost,DE,android,3301,108,16,32,20
1066,6/15/2017,chartboost,DE,ios,3367,39,7,35,58.4
1067,6/15/2017,chartboost,FR,android,3237,120,28,56,49.27
1068,6/15/2017,chartboost,FR,ios,3229,62,7,28,0
1069,6/15/2017,chartboost,GB,ios,6786,230,50,100,188.8
1070,6/15/2017,chartboost,US,android,6599,181,34,68,90.32
1071,6/15/2017,chartboost,US,ios,3223,89,11,22,69.44
1072,6/15/2017,facebook,CA,android,3456,93,18,37.2,20
1073,6/15/2017,facebook,DE,android,6836,165,40,66,130
1074,6/15/2017,facebook,DE,ios,6792,206,40,82.4,69.6
1075,6/15/2017,facebook,FR,ios,3434,108,19,43.2,69.6
1076,6/15/2017,facebook,GB,android,6851,211,18,90.9,88.4
1077,6/15/2017,facebook,US,ios,6654,194,34,77.6,79.44
1078,6/15/2017,google,CA,android,3237,102,28,33.33,90
1079,6/15/2017,google,DE,android,3170,32,8,33.33,10
1080,6/15/2017,google,FR,android,3240,92,16,33.33,10
1081,6/15/2017,google,FR,ios,3481,109,9,33.33,60.5
1082,6/15/2017,google,GB,android,3455,123,12,33.33,30
1083,6/15/2017,google,GB,ios,3288,137,21,33.33,20
1084,6/15/2017,google,US,android,3389,93,14,33.33,10
1085,6/15/2017,google,US,ios,9730,275,63,99.99,250.96
1086,6/15/2017,unityads,CA,android,3271,131,24,48,10
1087,6/15/2017,unityads,CA,ios,3410,101,19,38,10
1088,6/15/2017,unityads,DE,android,3382,85,14,28,10
1089,6/15/2017,unityads,GB,android,6710,185,46,92,119.92
1090,6/15/2017,unityads,GB,ios,3231,97,23,46,30
1091,6/15/2017,unityads,US,android,9618,342,64,188,159.2
1092,6/15/2017,unityads,US,ios,3471,94,23,46,40
1093,6/15/2017,vungle,GB,android,10298,381,74,148,99.6
1094,6/15/2017,vungle,GB,ios,6654,198,34,68,119.6
1095,6/15/2017,vungle,US,android,9769,300,64,128,299.52
1096,6/15/2017,vungle,US,ios,6548,211,36,72,90
